日期,801010,801020,801030,801040,801050,801080,801110,801120,801130,801140,801150,801160,801170,801180,801200,801210,801230,801710,801720,801730,801740,801750,801760,801770,801780,801790,801880,801890
1999-12-30,1000.0,1000.0,1000.0,1000.0,1000.0,1000.0,1000.0,1000.0,1000.0,1000.0,1000.0,1000.0,1000.0,1000.0,1000.0,1000.0,1000.0,,,,,,,,,,,
2000-01-28,1216.79,1330.06,1082.05,1083.06,1168.21,1234.92,1130.98,1145.8,1119.34,1120.25,1150.49,1135.44,1100.44,1146.88,1247.55,1166.6,1220.55,,,,,,,,,,,
2000-02-29,1493.42,1391.97,1203.65,1141.95,1213.31,1409.85,1189.96,1220.04,1224.02,1241.34,1290.61,1296.69,1279.83,1305.27,1404.43,1360.6,1374.84,,,,,,,,,,,
2000-03-31,1537.94,1577.92,1302.26,1238.12,1333.83,1448.55,1249.55,1277.41,1416.52,1335.3,1357.69,1389.67,1324.47,1375.7,1440.37,1505.4,1390.26,,,,,,,,,,,
2000-04-28,1619.77,1484.73,1314.99,1311.49,1350.55,1432.03,1238.94,1293.71,1401.68,1347.92,1374.81,1446.34,1385.25,1411.46,1489.95,1483.14,1402.45,,,,,,,,,,,
2000-05-31,1614.32,1815.62,1358.49,1456.24,1373.59,1476.58,1221.97,1314.24,1457.01,1401.82,1478.79,1494.44,1446.22,1454.02,1513.87,1547.44,1470.04,,,,,,,,,,,
2000-06-30,1603.62,1938.0,1408.0,1463.44,1472.79,1526.74,1264.02,1375.31,1439.76,1409.48,1555.86,1559.32,1490.85,1512.63,1518.83,1567.61,1483.49,,,,,,,,,,,
2000-07-31,1705.02,2067.89,1476.32,1620.72,1552.48,1602.78,1246.81,1430.35,1520.26,1535.61,1597.22,1587.49,1527.97,1561.77,1593.66,1623.43,1558.95,,,,,,,,,,,
2000-08-31,1765.19,1992.93,1471.12,1585.7,1565.02,1603.22,1225.23,1433.65,1517.92,1597.15,1608.79,1550.53,1510.32,1529.68,1602.15,1638.43,1543.43,,,,,,,,,,,
2000-09-29,1722.64,1991.3,1411.69,1490.02,1531.47,1544.89,1174.26,1363.08,1492.48,1488.82,1544.66,1437.05,1411.33,1460.58,1553.47,1586.24,1424.88,,,,,,,,,,,
2000-10-31,1734.6,2065.99,1480.74,1555.32,1577.69,1565.85,1195.63,1378.88,1514.37,1524.3,1589.5,1505.83,1415.45,1498.47,1607.04,1619.19,1438.23,,,,,,,,,,,
2000-11-30,1802.3,2060.49,1572.63,1630.97,1699.56,1661.43,1242.19,1481.56,1610.11,1607.67,1695.91,1545.86,1483.76,1591.39,1689.61,1715.09,1524.53,,,,,,,,,,,
2000-12-29,1793.34,1994.02,1587.47,1607.51,1753.39,1701.49,1195.26,1504.87,1624.59,1605.42,1714.62,1529.45,1493.66,1598.51,1678.7,1754.19,1504.83,,,,,,,,,,,
2001-01-19,1742.52,2064.93,1604.17,1670.41,1685.38,1627.33,1137.17,1491.55,1631.04,1602.19,1707.54,1521.78,1495.87,1625.04,1655.05,1647.66,1466.83,,,,,,,,,,,
2001-02-28,1659.28,1911.32,1515.46,1651.48,1671.54,1511.29,1069.95,1419.98,1524.49,1502.14,1587.88,1435.62,1424.37,1500.46,1573.32,1540.86,1357.31,,,,,,,,,,,
2001-03-30,1758.7,2008.65,1645.72,1733.67,1770.45,1580.77,1178.46,1533.57,1664.74,1598.58,1695.83,1543.27,1516.51,1618.42,1692.13,1698.58,1454.34,,,,,,,,,,,
2001-04-30,1734.16,1935.44,1647.12,1692.38,1764.04,1563.52,1125.85,1521.04,1638.91,1586.36,1685.36,1494.79,1513.47,1618.59,1671.39,1706.85,1501.84,,,,,,,,,,,
2001-05-31,1794.46,2021.74,1734.18,1699.31,1813.99,1561.36,1157.69,1599.3,1708.27,1683.17,1755.4,1514.69,1545.3,1668.04,1772.73,1807.45,1590.33,,,,,,,,,,,
2001-06-29,1760.01,2123.81,1756.38,1724.74,1756.13,1542.96,1150.75,1629.2,1770.07,1675.4,1769.92,1545.7,1567.52,1685.44,1783.25,1817.16,1600.46,,,,,,,,,,,
2001-07-31,1523.03,1789.21,1509.1,1533.5,1492.91,1300.84,965.7,1436.26,1581.62,1429.47,1524.26,1332.13,1407.1,1528.91,1531.79,1579.17,1384.84,,,,,,,,,,,
2001-08-31,1518.99,1697.23,1444.32,1453.6,1411.33,1222.7,922.77,1416.63,1518.67,1361.12,1480.1,1305.43,1368.64,1472.85,1499.07,1537.86,1343.71,,,,,,,,,,,
2001-09-28,1244.33,1677.03,1364.43,1387.95,1375.92,1168.88,899.52,1343.45,1442.26,1293.33,1423.91,1236.85,1288.49,1384.41,1428.51,1451.01,1262.01,,,,,,,,,,,
2001-10-31,1161.77,1513.03,1283.84,1322.12,1241.45,1133.82,912.31,1273.13,1428.74,1256.89,1320.58,1198.35,1236.86,1308.19,1335.55,1308.38,1172.59,,,,,,,,,,,
2001-11-30,1182.96,1589.31,1341.96,1374.57,1301.06,1164.38,922.48,1321.59,1458.79,1299.03,1378.39,1262.3,1297.66,1371.77,1401.85,1404.58,1188.4,,,,,,,,,,,
2001-12-31,1098.48,1539.8,1253.35,1312.98,1217.77,1107.53,872.94,1288.45,1360.43,1218.51,1335.25,1191.23,1228.01,1272.84,1303.93,1284.02,1107.98,,,,,,,,,,,
2002-01-31,935.37,1444.06,1082.01,1237.74,1064.15,947.69,780.59,1186.46,1214.32,1073.71,1203.43,1096.25,1131.83,1127.76,1130.07,1163.84,971.31,,,,,,,,,,,
2002-02-28,981.21,1476.17,1115.19,1269.32,1101.59,967.55,806.52,1200.69,1250.81,1109.03,1232.09,1122.63,1168.47,1178.01,1164.68,1196.41,1003.93,,,,,,,,,,,
2002-03-29,1065.94,1529.45,1207.91,1309.61,1183.01,1023.67,820.2,1270.31,1341.39,1210.02,1310.72,1189.84,1228.23,1303.39,1254.04,1290.18,1098.61,,,,,,,,,,,
2002-04-30,1105.01,1584.35,1255.86,1360.06,1201.13,1073.05,855.33,1296.63,1407.54,1245.1,1364.07,1241.41,1276.96,1358.48,1323.25,1359.02,1130.8,,,,,,,,,,,
2002-05-31,1000.4,1420.15,1149.67,1252.69,1078.69,959.39,782.28,1217.65,1292.43,1138.07,1247.01,1125.89,1161.13,1227.31,1204.6,1237.21,1051.65,,,,,,,,,,,
2002-06-28,1106.58,1578.33,1299.64,1452.95,1241.68,1116.73,908.93,1339.87,1430.82,1256.61,1373.77,1285.75,1353.54,1425.98,1349.23,1367.87,1174.92,,,,,,,,,,,
2002-07-31,1052.68,1494.31,1249.57,1364.46,1176.85,1051.88,831.95,1297.71,1369.07,1227.04,1368.53,1228.46,1296.1,1339.94,1320.18,1327.42,1126.14,,,,,,,,,,,
2002-08-30,1066.28,1497.96,1263.06,1364.52,1182.9,1051.41,832.38,1294.8,1375.86,1237.55,1387.8,1239.72,1304.86,1338.52,1335.21,1341.0,1137.5,,,,,,,,,,,
2002-09-27,996.51,1418.05,1190.68,1299.82,1120.08,995.13,770.1,1238.92,1313.57,1172.95,1320.4,1180.27,1236.56,1261.49,1262.17,1294.71,1067.21,,,,,,,,,,,
2002-10-31,950.9,1343.3,1125.66,1248.37,1057.47,933.85,753.56,1158.1,1235.77,1112.0,1253.82,1085.8,1173.18,1207.17,1198.86,1230.68,1003.7,,,,,,,,,,,
2002-11-29,890.52,1231.77,1043.52,1184.73,990.16,901.31,683.67,1107.03,1159.71,1038.83,1180.21,1025.8,1105.62,1119.68,1102.5,1146.41,920.74,,,,,,,,,,,
2002-12-31,843.26,1173.0,993.12,1124.8,934.1,841.4,639.09,1078.06,1101.17,1004.35,1157.43,983.67,1043.47,1058.41,1041.24,1099.88,868.74,,,,,,,,,,,
2003-01-29,926.82,1304.23,1094.89,1244.77,1026.62,937.95,702.88,1151.28,1185.29,1091.46,1230.58,1064.53,1133.37,1145.85,1120.28,1208.12,962.32,,,,,,,,,,,
2003-02-28,926.11,1321.59,1119.11,1264.72,1039.16,945.38,710.0,1155.49,1187.96,1102.76,1230.26,1078.04,1144.64,1169.48,1130.74,1225.73,974.51,,,,,,,,,,,
2003-03-31,890.59,1298.94,1093.34,1274.54,1008.71,901.81,684.29,1130.34,1158.08,1089.93,1204.75,1090.19,1166.93,1137.98,1101.51,1219.69,934.34,,,,,,,,,,,
2003-04-30,869.02,1242.11,1067.46,1340.46,985.19,866.0,670.15,1113.68,1110.64,1028.36,1263.28,1137.31,1144.71,1085.78,1054.36,1077.04,894.42,,,,,,,,,,,
2003-05-30,845.08,1342.17,1102.29,1383.07,1039.74,935.27,705.11,1153.94,1142.2,1065.32,1262.58,1224.37,1194.9,1127.62,1078.55,1146.33,938.05,,,,,,,,,,,
2003-06-30,785.76,1281.66,1043.15,1337.38,976.09,877.33,654.92,1096.56,1078.04,1023.97,1175.63,1140.64,1129.46,1024.57,1009.82,1096.51,862.56,,,,,,,,,,,
2003-07-31,747.26,1272.0,1012.67,1368.16,955.13,880.34,667.84,1087.0,1041.27,998.76,1153.16,1123.69,1170.18,992.55,965.77,1064.15,851.88,,,,,,,,,,,
2003-08-29,724.45,1199.64,984.48,1289.45,923.19,851.27,654.94,1044.96,1019.43,957.45,1106.65,1080.7,1125.35,973.91,956.82,1050.7,849.8,,,,,,,,,,,
2003-09-30,684.32,1181.34,941.05,1228.45,883.85,807.1,610.44,1006.89,971.51,924.04,1058.6,1039.97,1081.82,931.51,934.96,1010.68,823.13,,,,,,,,,,,
2003-10-31,661.6,1222.97,915.61,1312.11,892.78,757.08,579.23,987.6,913.91,839.09,981.13,1030.09,1082.41,878.41,856.67,905.08,740.54,,,,,,,,,,,
2003-11-28,664.23,1313.3,946.05,1438.04,905.77,784.22,595.18,957.64,932.88,829.97,986.0,1059.44,1100.04,887.41,862.69,915.46,754.01,,,,,,,,,,,
2003-12-31,637.45,1480.71,993.45,1525.73,1031.04,786.62,589.34,971.33,908.25,816.78,952.9,1191.52,1169.47,863.19,833.96,840.23,733.27,,,,,,,,,,,
2004-01-30,693.6,1494.6,1051.0,1573.75,1085.71,949.03,642.63,1021.99,960.56,878.24,1012.2,1199.76,1237.27,968.33,895.93,933.24,811.35,,,,,,,,,,,
2004-02-27,752.34,1582.44,1153.29,1710.33,1166.76,985.92,701.06,1104.8,1038.34,949.75,1081.91,1262.97,1291.09,1062.82,995.0,1038.05,864.52,,,,,,,,,,,
2004-03-31,787.71,1706.87,1207.89,1755.9,1231.31,1029.3,717.93,1161.96,1071.43,982.99,1115.19,1322.72,1330.81,1101.97,1044.87,1075.34,889.35,,,,,,,,,,,
2004-04-30,697.31,1573.32,1107.31,1482.45,1060.14,953.52,663.5,1010.09,992.61,881.01,1009.68,1242.7,1275.63,949.86,971.51,947.88,780.88,,,,,,,,,,,
2004-05-31,680.02,1544.39,1065.07,1469.52,1049.55,957.71,663.75,976.73,974.38,847.48,977.85,1240.66,1231.42,911.9,943.67,919.39,755.59,,,,,,,,,,,
2004-06-30,584.32,1392.51,971.81,1376.02,910.68,820.39,622.72,861.17,851.07,745.23,856.81,1097.86,1118.83,803.87,827.88,793.98,660.65,,,,,,,,,,,
2004-07-30,564.45,1520.7,967.89,1383.11,934.43,826.1,624.73,881.07,849.34,721.54,846.29,1082.35,1159.56,797.76,814.01,786.03,657.38,,,,,,,,,,,
2004-08-31,544.37,1441.49,934.5,1399.92,867.72,733.62,549.28,835.83,823.39,699.32,791.91,1031.63,1133.75,759.24,796.4,780.83,603.84,,,,,,,,,,,
2004-09-30,573.62,1514.48,989.54,1516.2,946.87,782.95,564.12,937.65,866.97,750.54,841.92,1058.28,1202.58,797.03,844.66,853.06,624.57,,,,,,,,,,,
2004-10-29,521.76,1622.23,927.81,1363.7,869.29,777.29,543.26,906.27,788.06,713.19,801.09,1009.03,1212.43,744.72,808.6,805.4,588.36,,,,,,,,,,,
2004-11-30,537.4,1626.93,950.09,1391.89,893.46,822.72,546.61,900.71,795.55,744.09,832.19,1020.08,1236.13,757.86,822.3,837.12,623.31,,,,,,,,,,,
2004-12-31,491.1,1480.57,874.75,1401.72,818.45,733.35,473.43,849.84,731.97,687.13,774.79,935.79,1192.94,717.69,765.82,769.18,557.98,,,,,,,,,,,
2005-01-31,448.15,1341.79,794.23,1385.38,759.49,671.35,449.35,837.14,666.59,630.49,723.44,856.51,1136.21,718.6,723.51,757.58,537.49,,,,,,,,,,,
2005-02-28,496.23,1531.67,888.43,1504.84,868.21,748.86,490.99,907.31,740.13,672.89,783.19,923.95,1216.25,766.47,792.26,839.53,593.28,,,,,,,,,,,
2005-03-31,440.46,1371.22,808.8,1370.78,760.83,628.54,424.75,875.06,635.55,589.81,713.65,838.16,1179.02,662.17,720.18,776.13,503.38,,,,,,,,,,,
2005-04-29,407.24,1361.5,795.11,1267.41,734.54,551.93,432.43,899.21,603.16,563.9,712.39,825.9,1210.75,637.18,709.31,753.72,473.03,,,,,,,,,,,
2005-05-31,388.58,1230.58,704.49,1170.54,662.5,537.16,425.43,829.35,548.5,542.36,667.81,774.0,1082.37,582.23,672.17,678.63,459.27,,,,,,,,,,,
2005-06-30,387.0,1185.18,706.59,1193.61,659.25,534.38,418.87,864.66,545.68,540.98,664.66,811.79,1114.51,591.53,694.84,696.98,440.63,,,,,,,,,,,
2005-07-29,361.35,1170.26,695.18,1209.02,636.14,485.64,393.88,853.16,509.84,540.22,630.28,812.02,1129.09,603.59,678.7,680.23,408.97,,,,,,,,,,,
2005-08-31,410.02,1213.92,763.03,1222.22,692.35,553.39,429.55,907.28,578.59,565.75,684.03,842.44,1140.13,642.9,737.56,750.68,471.36,,,,,,,,,,,
2005-09-30,422.55,1257.72,769.17,1187.06,732.08,533.89,422.45,914.13,576.98,565.34,699.41,829.53,1129.19,655.78,764.58,770.29,469.18,,,,,,,,,,,
2005-10-31,407.05,1203.05,731.33,1109.73,690.77,508.86,398.6,881.71,532.84,526.59,674.14,775.24,1049.56,625.85,716.31,751.42,426.07,,,,,,,,,,,
2005-11-30,391.88,1191.5,738.1,1111.22,702.26,510.13,404.81,862.02,543.56,537.54,672.42,771.2,1004.09,650.1,714.07,768.19,432.02,,,,,,,,,,,
2005-12-30,417.15,1328.32,786.54,1151.05,750.37,537.32,416.24,903.46,554.21,548.98,679.19,790.53,1053.88,690.41,747.04,841.91,436.4,,,,,,,,,,,
2006-01-25,440.81,1466.91,855.62,1249.63,959.59,577.1,448.53,988.93,590.03,595.73,717.91,819.94,1094.82,763.78,794.55,881.49,491.72,,,,,,,,,,,
2006-02-28,463.36,1580.96,890.17,1305.61,958.51,573.33,472.51,1087.69,594.11,595.14,727.28,826.89,1110.76,812.39,822.65,893.78,489.25,,,,,,,,,,,
2006-03-31,448.26,1636.17,899.48,1302.71,1071.0,577.1,474.93,1134.45,585.29,596.17,728.82,798.54,1085.6,870.42,887.66,922.0,485.94,,,,,,,,,,,
2006-04-28,510.85,1749.83,971.5,1320.88,1390.61,635.52,475.07,1376.71,592.02,629.65,799.35,852.75,1156.06,887.4,1050.32,1085.57,525.88,,,,,,,,,,,
2006-05-31,635.15,2038.33,1149.97,1587.42,1592.27,748.13,560.56,1631.0,771.63,743.16,959.77,1010.87,1346.58,984.45,1286.2,1202.69,698.15,,,,,,,,,,,
2006-06-30,674.79,1994.04,1202.14,1617.18,1550.01,768.16,577.5,1771.81,800.31,794.18,1015.63,1042.98,1447.79,975.01,1387.44,1176.9,698.02,,,,,,,,,,,
2006-07-31,629.05,1745.92,1147.8,1460.8,1465.92,720.3,559.2,1659.55,738.42,767.33,968.21,968.88,1348.75,1002.19,1327.52,1168.49,652.34,,,,,,,,,,,
2006-08-31,643.21,1747.68,1184.63,1503.55,1523.8,749.1,563.88,1651.08,772.02,802.16,978.61,971.37,1355.77,1145.87,1384.16,1329.45,690.5,,,,,,,,,,,
2006-09-29,690.96,1706.22,1240.77,1511.42,1495.06,771.07,582.93,1731.5,784.21,819.22,1030.16,995.59,1433.19,1207.67,1422.04,1400.72,731.94,,,,,,,,,,,
2006-10-31,673.15,1740.41,1275.85,1722.17,1557.8,745.84,588.61,1755.87,788.61,833.3,1029.12,1024.33,1500.72,1187.02,1392.02,1418.23,700.69,,,,,,,,,,,
2006-11-30,703.87,1881.99,1377.65,2058.89,1714.85,754.92,679.65,2003.99,804.92,882.32,1056.17,1121.02,1639.5,1526.85,1555.07,1596.26,719.75,,,,,,,,,,,
2006-12-29,761.45,2119.71,1490.08,2439.0,1831.41,762.46,715.67,2448.68,905.99,961.03,1135.83,1235.34,1784.06,1749.67,1726.88,1762.08,755.53,,,,,,,,,,,
2007-01-31,946.84,2477.67,1825.34,2991.51,2284.05,940.27,887.99,2826.51,1135.73,1186.85,1423.66,1481.16,2185.84,1806.33,2219.39,1837.85,940.03,,,,,,,,,,,
2007-02-28,1091.78,2873.32,2015.86,3274.39,2736.87,1104.92,1027.18,2800.32,1363.85,1377.07,1620.66,1735.0,2389.59,1965.39,2407.48,1999.21,1164.57,,,,,,,,,,,
2007-03-30,1235.01,2961.68,2326.58,3552.32,2974.09,1249.49,1175.12,2989.52,1654.55,1603.3,1839.37,1927.43,2706.96,2313.48,2702.1,2283.83,1433.82,,,,,,,,,,,
2007-04-30,1598.64,4162.15,2993.08,4563.41,3869.6,1688.7,1584.15,3605.94,2472.36,2101.73,2513.21,2682.1,3494.3,2935.61,3737.97,2925.4,2114.13,,,,,,,,,,,
2007-05-31,1788.63,4977.05,3313.29,4983.03,4256.01,1721.9,1734.8,3996.08,2707.62,2237.88,2830.05,2808.79,3690.11,4010.23,4145.94,3463.18,2237.2,,,,,,,,,,,
2007-06-29,1371.04,4767.77,2890.09,4399.88,4242.93,1342.87,1686.47,3807.43,2223.08,1911.09,2353.47,2465.57,3325.0,3646.65,3744.96,3053.53,2039.78,,,,,,,,,,,
2007-07-31,1681.02,6439.11,3369.64,5269.24,5382.2,1568.15,1911.91,4259.69,2725.47,2241.95,2762.69,2972.71,3852.48,4796.06,4381.89,3673.89,2488.86,,,,,,,,,,,
2007-08-31,1835.61,7683.25,3732.07,6551.14,7141.66,1768.57,2016.94,4712.01,2871.89,2629.98,3023.92,3280.98,4393.95,5570.85,5019.35,4214.92,2587.68,,,,,,,,,,,
2007-09-28,1848.79,10243.25,4098.98,7105.45,8161.9,1804.3,2158.51,4841.3,2739.9,2737.45,3078.89,3471.82,4876.44,5224.13,5061.14,4216.63,2468.9,,,,,,,,,,,
2007-10-31,1681.76,8980.65,4124.68,6606.59,7936.03,1552.94,1980.99,5003.34,2467.98,2319.22,2757.45,3257.14,4658.14,5629.61,4551.39,3766.6,2107.88,,,,,,,,,,,
2007-11-30,1599.3,7273.56,3539.34,5409.12,5738.58,1505.15,1792.64,4372.68,2188.3,2154.09,2621.87,2825.05,4154.54,4480.39,4152.86,3494.45,1899.72,,,,,,,,,,,
2007-12-28,1995.53,7698.82,4245.73,6697.21,6639.78,1763.58,2165.36,5503.67,2585.12,2607.1,3250.14,3398.71,4791.54,4641.32,5056.74,3876.39,2281.87,,,,,,,,,,,
2008-01-31,2136.45,6870.95,3852.19,5931.25,5802.68,1642.99,2191.14,4892.67,2324.66,2424.43,2988.25,2902.93,4049.4,4388.48,4602.53,3611.38,2100.99,,,,,,,,,,,
2008-02-29,2426.25,6565.79,4133.01,6420.68,6158.9,1760.88,2271.52,4951.22,2534.14,2536.66,3223.76,3105.5,4200.78,4240.54,4883.23,3595.6,2297.73,,,,,,,,,,,
2008-03-31,1977.53,5347.4,3245.09,4904.05,4507.51,1447.61,1822.53,4142.83,2101.3,2081.43,2553.87,2445.49,3380.8,4000.73,4019.26,3187.14,1852.31,,,,,,,,,,,
2008-04-30,2140.0,6168.12,3144.87,5066.72,4211.89,1328.33,1848.75,4216.43,2024.41,2064.46,2505.11,2372.03,3383.92,3527.99,3986.31,2822.4,1769.09,,,,,,,,,,,
2008-05-30,2025.2,6202.06,3155.91,4725.41,3762.09,1235.06,1593.68,3893.63,1896.64,1905.73,2574.98,2358.72,3079.0,3015.08,3783.2,2456.3,1661.66,,,,,,,,,,,
2008-06-30,1573.68,5140.35,2501.23,3340.17,2749.54,904.1,1203.47,3153.07,1423.2,1354.36,2086.1,1904.63,2344.69,2237.3,3016.75,1961.08,1219.58,,,,,,,,,,,
2008-07-31,1717.32,4658.09,2635.44,3270.38,2810.25,991.47,1276.39,3490.75,1568.14,1497.11,2246.98,1892.08,2455.93,2355.14,3139.01,2067.59,1312.39,,,,,,,,,,,
2008-08-29,1250.71,3613.68,2101.33,2563.39,2068.61,787.39,1019.82,3000.42,1229.31,1187.97,1754.99,1566.41,2084.98,1913.88,2522.76,1535.88,978.67,,,,,,,,,,,
2008-09-26,1126.83,3412.21,1976.65,2675.4,1901.7,703.42,1017.21,2638.86,1166.79,1038.74,1678.77,1615.31,2080.85,1768.03,2341.97,1462.51,904.41,,,,,,,,,,,
2008-10-31,844.41,2302.45,1415.94,1851.79,1254.96,494.44,791.25,1989.67,826.71,724.75,1410.61,1336.66,1477.7,1466.48,1688.65,964.96,639.84,,,,,,,,,,,
2008-11-28,1016.42,2391.26,1573.95,2111.39,1494.02,564.65,913.19,2230.45,933.71,840.57,1634.87,1552.94,1575.51,1735.83,1927.22,1092.7,743.6,,,,,,,,,,,
2008-12-31,1067.39,2458.88,1499.48,1949.93,1507.42,606.06,964.78,2273.16,964.68,890.96,1841.15,1514.84,1505.29,1664.9,2099.68,1208.96,777.7,,,,,,,,,,,
2009-01-23,1203.42,2959.03,1722.19,2261.68,1818.73,700.96,985.0,2310.29,1122.63,1007.52,1993.61,1618.89,1702.82,1904.69,2173.53,1366.41,909.75,,,,,,,,,,,
2009-02-27,1313.86,2877.75,1792.32,2265.26,2184.93,758.22,1141.69,2549.72,1180.73,1054.58,2089.41,1706.93,1779.23,2073.12,2360.33,1471.23,1001.36,,,,,,,,,,,
2009-03-31,1464.68,3532.44,2109.14,2556.37,2864.25,947.37,1320.65,2735.62,1459.04,1295.58,2336.02,1929.15,2155.17,2639.23,2737.59,1822.88,1268.37,,,,,,,,,,,
2009-04-30,1415.2,4076.04,2217.53,2551.28,2820.44,997.77,1534.5,2901.85,1533.29,1359.34,2507.21,1936.79,2216.22,2825.43,3074.9,1907.42,1357.9,,,,,,,,,,,
2009-05-27,1450.73,4742.83,2316.85,2727.32,3111.01,1059.34,1560.87,2970.46,1604.32,1400.53,2471.34,2001.78,2252.01,3083.55,3146.64,2123.53,1456.05,,,,,,,,,,,
2009-06-30,1533.09,5348.99,2371.96,3189.25,3546.95,1069.23,1619.7,3508.22,1728.44,1449.58,2695.27,2080.41,2410.11,3739.32,3402.47,2313.6,1534.28,,,,,,,,,,,
2009-07-31,1713.63,6868.48,2904.19,4292.85,4620.45,1234.79,1782.22,3889.27,1904.24,1679.91,2868.1,2468.83,2770.92,4072.37,3611.26,2558.81,1721.78,,,,,,,,,,,
2009-08-31,1562.53,4966.69,2449.21,2956.06,3403.47,1043.26,1574.58,3593.51,1563.79,1446.86,2771.6,1985.58,2249.33,3013.82,3180.2,2226.48,1391.96,,,,,,,,,,,
2009-09-30,1548.34,5185.64,2468.59,2903.97,3547.3,1084.57,1732.75,3800.31,1635.67,1506.05,2968.54,1988.91,2221.28,3251.9,3365.14,2137.74,1404.66,,,,,,,,,,,
2009-10-30,1682.63,6040.71,2648.08,3086.28,3938.01,1209.18,2060.65,3942.8,1819.02,1688.18,3342.25,2141.99,2377.81,3691.76,3650.67,2323.67,1596.19,,,,,,,,,,,
2009-11-30,1992.35,6717.53,2894.93,3590.01,4267.07,1395.66,2320.85,4639.98,2065.46,1860.03,3712.52,2334.86,2655.97,3941.97,4239.44,2769.87,1803.09,,,,,,,,,,,
2009-12-31,2040.42,6593.64,3162.02,3824.97,4221.17,1485.82,2448.98,4770.72,2113.7,1952.86,3733.58,2304.47,2690.14,3602.36,4403.79,2823.28,1764.28,,,,,,,,,,,
2010-01-29,2021.48,5501.2,2753.59,3225.82,3638.96,1475.86,2234.91,4629.78,2068.86,1892.15,3768.92,2173.9,2656.81,3162.76,4235.24,2909.73,1745.39,,,,,,,,,,,
2010-02-26,2132.22,5541.26,2794.89,3341.21,3738.34,1536.63,2399.96,4646.07,2207.54,2000.73,3991.32,2284.18,2787.41,3314.9,4459.06,3146.09,1949.91,,,,,,,,,,,
2010-03-31,2105.68,5742.32,2884.36,3286.78,3827.42,1680.86,2458.48,4574.81,2307.03,2054.22,3932.97,2305.91,2801.3,3470.74,4468.89,3197.93,2017.64,,,,,,,,,,,
2010-04-30,2034.38,5563.58,2557.79,2918.17,3748.51,1640.64,2096.31,4304.48,2072.3,1925.83,4151.17,2168.63,2586.94,2805.41,4203.42,2926.32,1846.04,,,,,,,,,,,
2010-05-31,1923.09,4908.78,2259.99,2576.57,3499.45,1551.53,1970.84,4156.31,1924.41,1706.99,4153.73,1952.2,2275.93,2513.18,3907.91,2605.36,1632.43,,,,,,,,,,,
2010-06-30,1707.82,4205.75,2019.18,2340.87,3033.97,1391.29,1838.71,4030.56,1788.46,1542.86,3548.41,1819.28,2104.68,2366.97,3702.52,2451.28,1479.18,,,,,,,,,,,
2010-07-30,1941.66,4914.71,2310.35,2680.94,3436.4,1589.48,2147.06,4517.67,2054.76,1777.16,3882.64,1982.53,2368.78,2874.7,4174.79,2829.68,1754.13,,,,,,,,,,,
2010-08-31,2199.46,5039.14,2331.99,2659.19,3827.08,1778.96,2250.07,5041.27,2232.07,1874.63,4377.05,1992.22,2371.18,2818.62,4690.19,3189.59,1887.34,,,,,,,,,,,
2010-09-30,2329.6,5044.75,2378.84,2692.81,4310.81,1788.34,2224.46,5426.84,2208.34,1956.35,4626.59,1993.58,2342.79,2723.05,4840.69,3121.33,1930.4,,,,,,,,,,,
2010-10-29,2517.79,6526.81,2625.46,2964.69,5548.66,2004.25,2521.52,5522.06,2362.31,2096.32,4701.61,2143.03,2679.52,2984.51,4885.89,3121.81,2186.36,,,,,,,,,,,
2010-11-30,2483.52,6020.8,2510.66,2703.0,4765.39,2081.74,2398.41,6196.1,2363.78,2079.88,5208.85,2081.22,2392.09,2713.43,4755.35,3182.04,2136.72,,,,,,,,,,,
2010-12-31,2470.21,6207.3,2453.64,2741.57,5154.04,2071.01,2448.46,5763.63,2272.35,1987.9,4842.0,2024.61,2380.63,2732.01,4599.7,3063.65,2046.78,,,,,,,,,,,
2011-01-31,2289.41,5755.38,2322.16,2832.48,4590.64,1856.61,2344.82,5439.52,2154.04,1897.87,4397.85,1981.12,2409.67,2679.17,4339.58,2905.78,1979.87,,,,,,,,,,,
2011-02-28,2551.64,6132.58,2593.74,2995.65,5150.86,2077.89,2773.97,5671.25,2385.76,2112.2,4654.16,2091.79,2505.38,2836.97,4634.35,3178.52,2226.74,,,,,,,,,,,
2011-03-31,2332.63,6359.86,2545.1,3168.67,5287.7,1968.2,2741.52,5618.73,2443.22,2071.01,4458.0,2079.5,2422.52,2983.31,4496.03,3061.88,2225.17,,,,,,,,,,,
2011-04-29,2263.51,6313.12,2518.77,3207.51,4938.73,1814.29,2709.6,5507.14,2359.53,2067.99,4390.65,2157.47,2414.31,2893.83,4501.76,2984.06,2173.36,,,,,,,,,,,
2011-05-31,2174.54,5910.18,2332.28,2902.04,4523.1,1669.23,2557.46,5514.32,2200.51,1880.42,4101.35,1979.02,2235.08,2680.57,4196.34,2660.75,2030.76,,,,,,,,,,,
2011-06-30,2183.31,6139.8,2451.79,2981.06,4672.9,1747.06,2706.53,5715.05,2266.73,1925.12,4160.07,1950.69,2202.06,2868.0,4234.8,2696.16,2121.79,,,,,,,,,,,
2011-07-29,2268.07,6153.51,2466.16,2924.4,4809.48,1778.47,2642.86,6180.99,2344.14,1990.38,4391.21,1923.45,2144.72,2778.0,4308.42,2837.45,2104.55,,,,,,,,,,,
2011-08-31,2247.11,5860.71,2374.67,2648.8,4526.37,1678.84,2416.78,6337.15,2312.04,1934.26,4267.94,1832.62,2031.03,2717.44,4206.43,2907.08,2043.09,,,,,,,,,,,
2011-09-30,1928.39,5538.87,2094.6,2383.38,3902.6,1462.9,2180.76,5558.37,2007.81,1680.47,3722.85,1646.66,1834.26,2326.43,3642.64,2512.0,1801.39,,,,,,,,,,,
2011-10-31,2014.0,5416.59,2148.31,2402.27,3912.91,1486.27,2187.6,5845.27,2094.9,1730.78,3861.1,1763.28,1915.61,2461.81,3769.67,2673.97,1891.89,,,,,,,,,,,
2011-11-30,2023.38,5015.39,2043.45,2155.09,3631.14,1444.96,1963.77,6028.65,1996.62,1668.12,3890.59,1741.76,1784.54,2255.18,3480.5,2646.57,1810.96,,,,,,,,,,,
2011-12-30,1700.12,4478.08,1691.53,1967.41,2999.23,1213.94,1842.13,5165.66,1692.38,1374.57,3346.51,1564.62,1601.64,2130.95,3067.98,2320.83,1491.9,,,,,,,,,,,
2012-01-31,1657.95,4865.62,1743.5,2077.66,3461.76,1186.7,1922.53,5000.59,1649.68,1358.43,3146.43,1560.47,1659.43,2198.72,3072.09,2255.99,1502.63,,,,,,,,,,,
2012-02-29,1845.21,5238.74,1936.92,2240.9,3790.84,1363.05,2188.76,5606.48,1842.44,1548.12,3479.93,1664.8,1775.33,2468.75,3320.47,2501.63,1686.09,,,,,,,,,,,
2012-03-30,1682.67,4723.81,1785.93,2052.44,3488.74,1243.01,2068.13,5413.55,1750.96,1421.54,3243.59,1538.35,1648.97,2370.98,3189.43,2439.41,1526.29,,,,,,,,,,,
2012-04-27,1785.42,5152.55,1861.09,2169.18,3740.82,1303.45,2163.22,5859.82,1846.18,1495.4,3350.24,1611.35,1747.63,2677.07,3418.82,2581.44,1710.15,,,,,,,,,,,
2012-05-31,1772.39,5096.12,1882.57,2166.16,3918.68,1359.52,2229.91,5962.12,1849.39,1501.81,3539.2,1659.89,1750.56,2758.17,3310.09,2645.68,1667.36,,,,,,,,,,,
2012-06-29,1669.51,4327.51,1721.51,1878.52,3545.09,1281.87,2044.76,5942.24,1745.48,1369.17,3715.9,1671.17,1633.74,2595.63,3080.01,2583.23,1507.39,,,,,,,,,,,
2012-07-31,1599.25,4158.31,1586.47,1758.97,3248.25,1135.21,1897.03,5756.36,1600.87,1239.86,3516.11,1555.17,1496.36,2406.65,2726.67,2541.08,1392.51,,,,,,,,,,,
2012-08-31,1574.34,3934.12,1614.05,1737.68,3164.24,1228.74,1852.67,5390.69,1537.74,1261.0,3577.39,1544.42,1419.87,2223.23,2661.7,2504.91,1403.2,,,,,,,,,,,
2012-09-28,1586.77,4171.64,1654.7,1736.7,3471.26,1226.28,1912.89,5633.85,1506.14,1252.36,3636.99,1524.09,1397.71,2295.9,2751.89,2530.95,1392.94,,,,,,,,,,,
2012-10-31,1532.78,4007.83,1657.72,1779.04,3162.08,1217.7,1972.34,5653.21,1482.46,1263.85,3725.02,1550.13,1420.52,2350.61,2677.04,2486.44,1375.81,,,,,,,,,,,
2012-11-30,1377.63,3632.36,1462.85,1701.63,2919.96,1045.95,1923.26,4786.44,1299.49,1139.79,3303.21,1466.56,1344.96,2313.3,2350.98,2167.03,1249.08,,,,,,,,,,,
2012-12-31,1614.23,4276.46,1696.21,1873.29,3408.18,1204.92,2134.0,5127.23,1520.67,1339.29,3629.86,1653.61,1533.89,2807.1,2705.11,2442.5,1445.95,,,,,,,,,,,
2013-01-31,1720.03,4464.43,1839.42,1919.38,3516.22,1269.48,2327.8,4920.05,1561.87,1402.41,4050.61,1747.26,1614.64,2864.87,2804.56,2532.96,1566.85,,,,,,,,,,,
2013-02-28,1757.57,4294.95,1909.38,1884.36,3396.92,1353.16,2335.37,5062.06,1595.95,1453.24,4307.84,1814.96,1605.98,2850.57,2825.89,2540.05,1644.92,,,,,,,,,,,
2013-03-29,1620.35,3903.44,1897.37,1775.6,3100.27,1399.39,2329.2,4909.22,1551.12,1444.29,4447.36,1850.11,1549.56,2591.37,2689.08,2609.01,1593.89,,,,,,,,,,,
2013-04-26,1559.42,3665.29,1800.63,1712.07,2915.32,1369.21,2427.57,4731.82,1476.31,1411.24,4297.68,1770.94,1480.52,2606.73,2584.29,2430.87,1545.24,,,,,,,,,,,
2013-05-31,1759.19,3755.54,1962.07,1758.18,3075.49,1661.74,2517.93,5099.89,1630.61,1551.96,4835.66,1967.59,1576.36,2911.2,2823.03,2673.02,1733.86,,,,,,,,,,,
2013-06-28,1456.41,2957.72,1657.09,1442.17,2391.96,1477.94,2196.44,4672.55,1316.92,1304.3,4312.78,1696.18,1308.58,2449.88,2349.13,2272.89,1417.2,,,,,,,,,,,
2013-07-31,1484.01,2927.0,1684.55,1438.72,2468.39,1569.88,2327.88,4690.45,1353.91,1389.26,4721.98,1743.49,1312.18,2506.62,2454.55,2483.74,1497.6,,,,,,,,,,,
2013-08-30,1601.22,3121.11,1782.18,1528.36,2704.78,1642.54,2394.94,4791.58,1489.76,1514.08,4719.57,1756.35,1604.83,2679.66,2871.13,2813.88,1636.95,,,,,,,,,,,
2013-09-30,1775.98,3157.12,1812.72,1547.06,2681.09,1703.42,2511.68,4991.57,1567.28,1594.96,5093.08,1787.89,1621.35,2664.35,3340.65,3074.45,1709.54,,,,,,,,,,,
2013-10-31,1812.8,3103.11,1778.13,1526.1,2500.67,1599.12,2774.95,4738.5,1555.05,1551.58,4726.96,1889.64,1605.94,2606.38,3147.04,2879.5,1635.93,,,,,,,,,,,
2013-11-29,1949.37,3228.05,1887.37,1593.39,2588.73,1773.68,2906.93,4898.82,1638.95,1652.26,4908.53,1914.45,1694.47,2603.28,3256.6,3018.96,1709.88,,,,,,,,,,,
2013-12-31,1893.3,2942.85,1807.07,1549.85,2398.12,1720.44,2973.29,4749.65,1644.71,1626.99,4956.79,1831.94,1614.79,2471.92,3062.86,2918.0,1624.66,,,,,,,,,,,
2014-01-30,1740.38,2716.58,1733.58,1429.41,2310.56,1816.27,2902.08,4422.1,1631.33,1743.69,5065.95,1760.36,1548.83,2363.05,3077.92,3042.16,1650.18,,,,,,,,,,,
2014-02-28,1751.92,2648.86,1803.51,1468.54,2416.53,1859.9,2816.72,4515.64,1679.04,1779.33,5164.73,1794.19,1566.35,2286.61,3047.55,3259.14,1796.84,2948.91,1411.52,3809.64,948.22,2783.94,931.63,1545.1,1993.5,971.61,2929.19,949.71
2014-03-31,1666.94,2566.6,1788.62,1456.43,2319.8,1736.34,2744.52,4478.9,1659.37,1701.58,4937.72,1736.83,1567.69,2508.87,2887.52,3099.14,1739.55,3077.63,1409.05,3491.9,862.86,2498.5,860.69,1446.34,2031.17,935.77,2842.02,916.92
2014-04-30,1634.53,2534.53,1721.48,1408.56,2291.23,1756.48,2744.43,4529.39,1604.97,1677.29,4785.8,1719.34,1553.64,2464.71,2890.5,3107.64,1703.85,3053.19,1409.39,3376.79,861.71,2421.14,852.63,1459.74,2064.97,968.34,2891.82,886.15
2014-05-30,1677.45,2597.8,1730.74,1435.12,2359.7,1828.41,2767.85,4381.85,1590.18,1691.87,4873.49,1728.65,1536.74,2483.13,2885.47,3155.19,1726.17,3030.98,1419.99,3385.62,893.34,2632.21,869.39,1536.5,2051.16,973.29,2904.89,889.48
2014-06-30,1702.74,2613.2,1786.43,1467.38,2468.29,1906.48,2791.89,4381.06,1624.86,1755.95,5011.2,1765.52,1526.98,2466.81,2838.72,3222.61,1786.04,3060.64,1418.12,3548.96,991.95,2762.56,913.25,1611.44,2052.94,971.39,3066.58,935.33
2014-07-31,1873.01,2915.79,1924.82,1617.46,2863.36,1936.08,2985.43,4818.44,1749.72,1844.86,5192.84,1862.2,1641.67,2787.43,3049.86,3314.39,1898.84,3340.15,1532.91,3842.26,1074.57,2767.87,878.33,1650.88,2213.83,1105.6,3406.4,995.91
2014-08-29,1952.83,2932.03,2009.78,1713.27,2876.76,2111.67,2992.51,4862.93,1861.85,1922.33,5329.29,1975.83,1706.41,2794.73,3165.16,3604.53,2052.58,3424.03,1562.44,4012.26,1127.86,2955.07,944.08,1699.82,2109.31,1080.96,3507.2,1048.54
2014-09-30,2211.63,3151.54,2217.76,1906.18,3069.76,2262.06,3100.98,5002.5,2112.83,2141.23,5848.25,2208.7,1972.17,3009.95,3567.89,4077.76,2311.63,3783.07,1754.64,4476.4,1357.48,3359.47,1001.6,1943.96,2137.18,1130.29,3790.48,1199.49
2014-10-31,2194.08,3124.73,2237.8,2023.67,3039.49,2242.68,3186.09,4828.88,2165.46,2164.85,6019.13,2273.24,2113.19,3092.05,3627.2,3983.96,2343.15,3867.92,1837.19,4431.56,1384.49,3377.81,987.13,1927.05,2238.3,1188.46,3861.73,1240.44
2014-11-28,2328.4,3274.97,2328.84,2237.9,3214.37,2263.29,3336.09,4976.72,2271.81,2257.65,6016.13,2440.82,2368.37,3534.14,3876.56,4206.53,2490.71,4105.77,2077.39,4578.43,1341.99,3635.66,1051.28,2002.4,2578.3,1562.07,3979.07,1318.26
2014-12-31,2201.3,3652.1,2301.95,2763.95,3318.85,2039.83,3606.09,5511.02,2191.86,2096.03,5750.95,2851.89,2660.55,4085.59,4068.14,4004.66,2365.51,4460.91,2834.02,4423.94,1472.61,3376.28,1010.73,1988.74,3429.09,2370.52,3934.4,1330.34
2015-01-30,2437.4,3574.88,2475.33,2753.6,3463.97,2243.59,3978.62,5475.41,2407.19,2280.7,6182.36,2825.8,2671.7,4097.44,4289.58,4302.0,2485.68,4416.58,2660.59,4803.73,1550.34,3986.69,1169.21,2136.14,3075.84,2142.74,4266.91,1420.71
2015-02-27,2496.32,3654.27,2623.12,2914.81,3599.44,2408.8,4235.19,5654.49,2594.16,2467.06,6539.11,2907.32,2816.37,4213.18,4586.64,4536.66,2691.61,4575.06,2937.53,5081.98,1637.7,4706.9,1359.93,2431.33,3046.56,2272.8,4612.93,1486.32
2015-03-31,3021.08,4205.53,3080.33,3444.5,4186.7,2899.87,4833.33,6308.34,3217.21,3038.02,7792.24,3344.28,3394.43,5030.66,5686.07,5687.51,3164.39,5504.05,3649.0,6306.88,1844.36,6031.81,1590.91,2827.45,3346.47,2515.61,5270.5,1825.33
2015-04-30,3392.58,4921.9,3592.24,4131.27,4837.04,3251.68,5733.6,7353.11,3863.45,3608.9,9116.83,4032.46,4312.23,5861.22,6512.91,6474.0,3679.68,6253.3,4823.4,7437.42,2305.18,6926.9,1986.7,3418.82,3778.97,2784.61,5969.82,2257.29
2015-05-29,4224.53,5083.51,4307.63,4278.55,5285.61,4231.17,6452.34,8172.18,4781.24,4687.52,10929.4,4492.24,4506.02,6366.91,7741.6,7808.44,4593.75,7146.69,4766.93,9184.43,3012.3,9320.58,2412.09,4363.16,3574.97,2688.89,6881.84,2766.39
2015-06-30,3911.52,5175.6,3919.11,4410.74,4640.55,3748.43,6171.51,7924.85,4314.0,4295.98,9632.24,4449.85,4616.32,6111.36,6890.09,7047.46,4229.65,6363.81,4046.61,7874.73,2575.58,7304.96,1932.81,3556.82,3702.87,2391.29,6235.64,2250.39
2015-07-31,3582.95,4030.36,3270.8,3640.85,3673.12,3165.78,5026.67,6840.66,3696.12,3618.97,8488.17,3726.69,3769.28,5159.05,5701.29,6374.95,3379.22,5253.56,3521.48,6678.02,2378.23,6037.5,1708.66,3105.26,3260.98,1910.5,5176.81,1890.86
2015-08-31,3071.98,3476.81,2824.67,3200.27,3188.8,2656.45,4321.64,6156.08,3301.93,3273.53,7410.08,3366.24,3458.15,4534.88,5141.84,5303.0,3122.4,4834.7,3076.37,5768.46,2047.36,4796.64,1403.78,2679.15,3055.98,1542.64,4552.38,1607.67
2015-09-30,2854.43,3174.37,2643.21,2667.77,2946.13,2487.62,3860.89,5864.88,3063.46,3166.12,7191.24,3079.32,3332.28,4234.09,4795.03,5385.32,2953.3,4526.31,2878.62,5454.45,1710.58,4853.86,1416.88,2499.66,3037.53,1484.48,4475.44,1526.99
2015-10-30,3291.36,3486.72,3101.1,2858.11,3406.37,2940.86,4394.47,6410.49,3635.11,3549.52,8247.85,3474.14,3599.69,4923.82,5605.02,5936.83,3362.95,4994.4,3243.18,6504.12,2061.47,6010.23,1652.31,3012.71,3148.32,1721.81,5117.03,1779.35
2015-11-30,3511.44,3547.16,3391.91,2763.13,3672.22,3356.74,4638.49,6469.27,3883.78,3857.72,8474.19,3537.38,3503.79,5198.53,5635.25,6315.17,3950.99,5210.29,3220.3,6887.27,1963.86,6478.06,1744.38,3259.79,3241.1,1854.61,5446.49,1886.02
2015-12-31,3671.14,3636.29,3568.17,2813.63,3829.19,3507.94,5147.0,6975.84,4146.35,3979.44,9010.78,3504.89,3526.75,5918.08,5919.55,7146.12,4049.29,5658.46,3233.15,7098.92,1892.29,6762.38,1786.37,3434.35,3382.3,1969.99,5779.62,1952.54
2016-01-29,2770.54,3030.57,2579.09,2185.61,2780.34,2504.69,4034.64,5578.09,2988.83,2788.19,6692.27,2573.38,2599.1,4424.82,4307.51,5320.87,2806.96,4118.31,2429.57,5033.99,1363.29,4688.97,1281.32,2505.13,2902.88,1485.8,4235.22,1371.15
2016-02-29,2832.66,3101.15,2551.02,2167.12,2953.05,2437.4,3883.32,5515.89,2991.16,2718.17,6497.32,2519.9,2512.91,4423.9,4158.86,5186.82,2757.2,4143.52,2362.68,4823.77,1306.32,4433.24,1206.7,2365.2,2872.77,1414.4,4216.04,1305.39
2016-03-31,3245.05,3239.01,2964.8,2318.34,3396.58,2872.39,4370.74,6416.13,3490.75,3189.81,7335.1,2832.37,2855.41,4844.64,4806.43,5908.3,3225.76,4808.47,2716.52,5731.63,1549.26,5254.96,1416.59,2702.03,3086.26,1681.59,4914.71,1541.96
2016-04-29,3123.21,3330.01,2954.05,2348.77,3410.33,2811.26,4392.66,6485.88,3427.35,3157.36,7208.95,2751.59,2723.47,4768.14,4694.76,5683.15,3232.29,4770.81,2626.57,5672.22,1441.27,4921.1,1347.98,2655.44,3129.8,1617.92,4913.69,1505.35
2016-05-31,3123.11,3092.79,2873.03,2232.62,3464.02,2937.38,4415.9,6576.58,3359.97,3057.78,7176.17,2688.32,2701.42,4637.41,4557.43,5525.62,3034.13,4555.74,2535.01,5556.74,1413.21,5005.32,1347.81,2645.99,3170.45,1646.93,4863.73,1491.43
2016-06-30,3173.1,3125.82,3023.49,2194.45,3632.25,3199.15,4593.87,7027.74,3370.4,3233.88,7472.84,2701.31,2651.86,4670.5,4526.85,5501.59,3173.06,4659.09,2577.62,5956.98,1525.33,5336.06,1332.21,2779.84,3093.64,1638.01,5090.89,1575.43
2016-07-29,3222.34,3218.51,3054.05,2212.09,3681.25,3031.5,4793.63,7411.81,3364.48,3274.94,7818.49,2771.89,2722.84,4498.01,4637.15,5494.05,3218.82,4761.29,2620.42,5796.67,1556.47,5071.48,1294.75,2816.8,3124.34,1621.06,5126.16,1522.65
2016-08-31,3329.87,3347.88,3177.31,2385.01,3725.25,3163.13,4775.25,7323.66,3446.89,3416.64,8091.34,2907.68,2736.4,5042.12,4878.52,5754.45,3550.13,5114.2,2876.15,5984.09,1625.74,5209.3,1357.59,2917.38,3266.31,1711.43,5179.12,1575.7
2016-09-30,3219.01,3351.04,3167.91,2344.61,3548.24,3140.61,4984.06,7078.92,3427.57,3401.65,7979.23,2872.64,2655.86,5025.19,4797.61,5802.74,3479.56,5252.14,2813.18,5837.99,1507.11,5023.49,1294.92,2888.75,3188.84,1665.49,5181.88,1569.34
2016-10-31,3324.52,3568.45,3261.03,2448.09,3724.38,3229.27,5023.85,7569.06,3552.07,3489.46,8122.46,2938.07,2747.55,5006.34,4911.47,5933.89,3616.02,5536.09,3045.33,5992.28,1549.35,5180.43,1312.26,2954.55,3218.7,1719.81,5329.81,1634.33
2016-11-30,3414.22,3589.97,3357.22,2626.98,3847.26,3257.56,5494.96,7718.89,3719.18,3569.71,8269.17,3014.37,2869.53,5230.68,5156.7,5895.52,3602.23,5778.43,3498.26,6114.77,1584.1,5264.15,1347.64,3061.77,3356.36,1822.8,5467.47,1731.66
2016-12-30,3356.24,3426.97,3313.78,2584.76,3592.85,3062.34,5050.73,7494.14,3583.93,3408.06,7797.66,2884.92,2729.57,4871.19,5122.43,5631.73,3527.45,5659.98,3219.02,5879.11,1540.67,4711.7,1207.85,2886.43,3215.4,1680.59,5228.7,1623.81
2017-01-26,3261.28,3475.31,3259.06,2741.8,3691.05,3016.55,5148.09,7569.6,3435.62,3318.47,7649.18,2862.42,2750.03,4814.98,4982.96,5547.25,3357.11,5666.0,3201.91,5741.62,1633.14,4496.57,1175.15,2761.22,3354.9,1703.2,5292.28,1594.32
2017-02-28,3326.82,3523.88,3366.35,2873.8,3844.11,3115.57,5464.24,7884.14,3558.51,3492.6,7837.78,2966.79,2874.45,4930.59,5161.16,5764.52,3521.3,6046.08,3381.34,5937.29,1655.42,4673.04,1196.32,2889.31,3399.8,1713.26,5454.04,1667.32
2017-03-31,3222.3,3485.63,3329.23,2741.7,3766.26,3216.16,5747.16,8209.7,3448.39,3469.67,7853.02,2963.99,2882.94,4835.04,4955.79,5846.95,3409.91,5988.11,3431.59,5920.61,1655.47,4608.14,1143.86,2865.06,3335.22,1666.21,5458.92,1668.48
2017-04-28,3038.83,3295.77,3163.26,2703.95,3583.43,3144.8,5751.62,8152.96,3229.64,3239.78,7689.68,3026.34,2843.19,4818.85,4657.85,5415.85,3186.41,6069.55,3391.85,5606.62,1561.37,4429.05,1079.65,2715.59,3206.33,1659.87,5269.48,1578.91
2017-05-31,2784.25,3198.69,2956.86,2596.55,3300.89,3006.78,5827.27,8222.17,3043.72,3024.66,7480.16,2888.63,2781.84,4679.42,4454.42,5050.72,2903.21,5589.95,3153.13,5172.2,1305.76,4208.14,1035.16,2593.05,3383.52,1730.31,5009.34,1470.09
2017-06-30,2855.13,3326.59,3102.43,2678.67,3570.2,3187.29,6557.62,8843.7,3069.45,3135.4,7805.17,2916.72,2836.45,4834.39,4569.25,5312.52,3021.54,5822.44,3261.74,5355.88,1376.61,4455.12,1059.2,2728.17,3437.11,1809.72,5315.59,1512.58
2017-07-31,2808.21,3594.89,3274.85,3113.33,4304.14,3190.71,6296.26,8938.61,2996.87,3161.98,7434.28,2792.71,2906.2,4820.2,4625.81,5161.99,3053.65,5991.11,3299.4,5351.6,1351.9,4243.45,1009.39,2628.33,3621.31,1884.57,5176.56,1491.36
2017-08-31,2939.27,3706.35,3282.33,3333.94,4516.13,3328.8,6262.86,9221.25,3033.05,3223.37,7630.95,2867.92,2994.18,4830.9,4652.31,5212.45,3171.04,6092.69,3339.13,5481.92,1399.7,4623.48,1043.24,2765.68,3664.41,2005.54,5211.13,1529.45
2017-09-29,2914.25,3697.97,3360.53,3186.44,4574.49,3498.81,6449.17,9862.34,3009.04,3298.28,7798.63,2825.17,2902.82,4889.36,4737.59,5489.85,3209.31,6147.14,3273.78,5745.42,1431.9,4678.58,1026.51,3015.62,3574.23,1952.03,5572.81,1549.69
2017-10-31,3035.62,3472.94,3292.42,3057.17,4318.03,3723.15,7122.32,10832.41,2985.04,3253.08,8204.58,2836.99,3026.3,4921.66,4838.07,5635.12,3103.02,6156.62,3307.42,5703.73,1359.49,4451.58,1001.78,2928.69,3606.18,2010.32,5532.0,1551.33
2017-11-30,2908.88,3478.27,3184.27,3353.27,4078.59,3497.64,6950.8,10474.13,2754.56,3042.87,7858.52,2701.75,2887.38,4922.45,4398.74,5328.29,2849.43,6184.61,3116.0,5396.4,1307.57,4298.86,940.68,2845.09,3698.37,2054.33,5162.14,1471.13
2017-12-29,2932.64,3426.76,3187.6,3095.11,4145.95,3474.91,7224.1,11529.85,2729.21,2977.82,8075.61,2681.59,2907.87,4910.39,4425.9,5396.94,2770.11,6002.36,3017.66,5381.8,1284.22,4180.95,928.83,2798.32,3642.39,1971.27,5201.43,1458.32
2018-01-31,2936.0,3619.25,3205.37,3300.08,4091.91,3202.54,7971.35,12166.64,2740.44,2995.93,7970.11,2581.15,2965.82,5579.14,4494.68,5733.43,2653.98,6229.67,3059.71,5107.67,1226.08,4028.31,917.88,2595.81,4106.41,2081.84,5021.3,1402.86
2018-02-28,2722.48,3335.56,3103.88,3354.42,3977.26,3308.83,7431.27,11328.24,2621.13,2894.95,7705.98,2472.72,2859.83,4941.57,4231.68,5684.37,2484.24,5859.96,2850.72,4914.95,1176.21,4074.09,898.67,2573.41,3795.41,1876.43,4854.32,1338.94
2018-03-30,2715.17,3077.49,3076.18,2918.6,3903.72,3342.3,7111.39,10712.6,2618.53,2891.98,8556.84,2492.53,2756.61,4852.31,4332.52,5740.89,2462.83,5923.79,2807.39,5125.21,1255.82,4654.54,911.97,2671.57,3566.38,1807.9,4803.92,1355.22
2018-04-27,2626.45,2932.38,2969.03,2916.37,3687.63,3078.09,6713.14,10567.98,2514.55,2714.85,8566.28,2377.33,2702.23,4572.67,4137.79,5504.92,2283.38,5591.34,2681.72,4885.51,1223.39,4607.68,845.42,2545.61,3515.51,1738.2,4492.86,1303.38
2018-05-31,2783.85,2892.32,3010.41,2700.33,3570.39,2989.55,7038.55,12385.01,2622.13,2774.99,9132.1,2366.0,2730.69,4338.58,4385.48,6322.98,2173.39,5356.87,2556.94,4598.12,1093.68,4309.97,817.48,2429.83,3408.95,1701.47,4611.83,1247.07
2018-06-29,2412.41,2748.45,2769.63,2632.04,3201.82,2745.26,6759.04,11546.54,2317.31,2427.57,8326.76,2131.24,2449.0,3984.69,3697.86,5881.85,1906.63,4883.55,2333.09,4042.77,1003.66,3952.7,731.93,2038.9,3154.51,1568.78,4274.71,1123.15
2018-07-31,2428.9,2682.45,2828.93,2886.14,3173.16,2731.23,6285.86,11315.77,2238.49,2374.85,7818.52,2187.52,2404.73,3895.34,3647.89,5948.61,1942.88,5315.05,2445.0,3987.56,1050.59,3895.0,712.29,2057.47,3286.19,1607.48,4101.44,1120.13
2018-08-31,2215.64,2615.36,2638.59,2687.91,2840.45,2519.96,5522.44,10089.51,1995.21,2164.01,7187.46,2003.78,2227.41,3702.2,3398.65,5326.39,1786.14,4954.28,2294.3,3642.31,987.18,3773.47,636.28,2063.3,3253.98,1561.18,3757.9,1031.84
2018-09-28,2275.98,2813.21,2616.27,2688.32,2844.65,2348.74,5576.98,10935.33,1966.87,2120.01,7121.97,2042.07,2275.48,3695.91,3409.88,5467.55,1745.85,4799.52,2307.24,3734.26,1021.93,3669.06,627.15,2002.33,3437.0,1640.56,3870.83,1035.97
2018-10-31,2160.62,2633.18,2297.36,2555.6,2561.92,2068.24,5018.57,8546.03,1761.6,1859.55,6225.91,1854.59,2062.41,3517.32,3019.61,4621.05,1580.42,4328.0,2139.17,3369.93,906.86,3208.72,561.83,1766.29,3409.57,1599.65,3362.21,936.3
2018-11-30,2288.41,2481.34,2290.16,2254.38,2560.07,2137.52,5130.72,9000.58,1853.69,1952.44,6556.07,1892.41,2113.6,3692.11,3115.52,4821.65,1757.67,4411.92,2194.99,3599.02,941.13,3352.16,586.4,1890.87,3291.0,1610.17,3462.71,979.63
2018-12-28,2274.43,2306.0,2176.37,2178.37,2444.61,2002.67,4955.52,8998.61,1792.37,1887.35,5840.92,1884.67,2030.54,3496.73,2978.84,4824.46,1681.36,4183.69,2134.25,3501.09,885.62,3155.42,561.18,1921.98,3108.23,1471.12,3415.07,946.28
2019-01-31,2354.58,2399.92,2185.52,2261.23,2394.46,2037.85,5602.83,9873.1,1752.55,1845.52,5692.64,1820.97,2052.14,3632.81,2988.26,4504.35,1609.54,4358.09,2101.67,3650.37,903.1,3183.99,539.35,1896.05,3364.49,1600.68,3396.25,953.05
2019-02-28,2872.05,2728.19,2577.41,2600.85,2938.24,2624.15,6181.17,11117.12,2031.76,2199.41,6916.44,2097.75,2366.88,4130.16,3516.13,5296.91,1979.11,5049.88,2404.29,4273.76,1103.94,4074.93,677.75,2424.4,3622.47,1955.22,3929.55,1136.08
2019-03-29,3375.8,2806.75,2825.11,2635.0,3026.6,2824.98,6660.91,12920.15,2252.39,2507.86,7679.08,2220.11,2547.82,4619.89,3803.15,5954.63,2255.46,5622.43,2524.43,4593.72,1223.09,4684.55,718.32,2561.23,3631.82,2098.67,4082.6,1242.63
2019-04-30,3572.33,2870.08,2785.67,2493.94,2833.53,2668.27,7011.87,13740.6,2124.81,2339.9,7532.61,2146.88,2572.61,4436.7,3745.64,5876.63,2138.38,5462.82,2398.29,4360.27,1133.6,4341.61,663.44,2502.35,3765.75,2115.24,4161.54,1184.15
2019-05-31,3510.66,2683.78,2530.09,2305.79,2897.68,2445.03,6569.14,13143.78,1980.05,2165.61,6960.94,2047.91,2392.98,4105.98,3417.1,5535.09,2003.19,5241.91,2192.27,4106.0,1115.84,4096.69,602.79,2281.2,3553.8,1920.18,3725.34,1117.13
2019-06-28,3228.72,2670.68,2516.67,2288.07,2954.2,2523.65,6829.93,14488.58,1958.6,2154.05,7089.43,2091.7,2452.44,4143.07,3489.72,5990.27,2005.26,5416.34,2222.99,4049.88,1115.15,4189.47,604.88,2361.77,3677.63,2115.93,3757.54,1139.2
2019-07-31,3464.63,2602.19,2513.23,2165.69,2787.45,2700.24,6893.82,14092.97,1886.49,2095.71,7079.39,2040.78,2422.95,4080.89,3339.38,6053.48,1940.71,5216.3,2165.58,4075.8,1170.89,4132.9,588.77,2271.72,3667.68,2088.48,3718.74,1134.65
2019-08-30,3493.22,2467.12,2438.74,2041.89,2847.02,2818.41,6772.97,15360.39,1863.33,2062.51,7549.85,1991.73,2343.76,3806.76,3291.27,6171.75,1918.32,5033.38,2042.33,4018.68,1224.27,4262.51,590.75,2150.99,3459.95,2019.47,3660.34,1082.17
2019-09-30,3195.23,2450.42,2483.3,2034.98,2747.23,3033.34,6787.89,15014.9,1876.88,2064.28,7540.34,1969.68,2327.08,3855.76,3251.8,6085.77,1923.19,5176.74,2052.31,4075.77,1139.38,4415.67,602.86,2268.74,3567.87,2028.26,3601.2,1114.36
2019-10-31,3597.76,2399.89,2460.13,1986.79,2611.76,3038.78,7113.97,15263.92,1844.81,2113.16,7892.19,1967.87,2303.4,3933.33,3224.33,5969.28,1940.17,5248.14,2013.91,3967.64,1084.83,4466.1,615.46,2224.99,3722.92,2019.9,3548.8,1091.13
2019-11-29,3253.34,2378.66,2454.38,2032.18,2636.07,3148.15,7023.78,14871.42,1761.11,2080.01,7683.33,1928.29,2241.66,3886.57,3093.01,5702.19,1924.89,5524.21,1985.17,4031.61,1065.99,4338.19,608.34,2130.46,3673.42,1946.7,3614.22,1077.04
2019-12-31,3308.1,2515.26,2703.51,2132.8,3037.97,3479.98,7779.44,15555.66,1919.51,2251.05,7993.15,1981.16,2381.51,4292.31,3240.93,6171.58,2120.65,6318.43,2089.11,4354.43,1126.39,4671.44,680.15,2305.68,3821.03,2140.59,3913.76,1172.59
2020-01-23,3175.56,2392.29,2699.54,2002.36,3012.39,3951.21,7574.76,14642.77,1883.9,2241.55,8366.66,1909.41,2223.63,4009.45,3136.14,5634.85,2162.55,5946.27,2032.8,4587.73,1162.04,5032.71,697.64,2339.46,3651.03,2052.76,3991.14,1158.47
2020-02-28,3437.52,2225.47,2695.22,1912.01,2938.77,4165.02,7336.08,14291.07,1927.53,2195.52,8562.5,1857.64,2090.24,3931.95,3020.6,5459.63,2231.38,6371.95,1998.23,4664.52,1171.96,5566.93,710.17,2598.61,3433.57,1961.41,4060.96,1171.95
2020-03-31,3825.95,2082.16,2466.94,1876.17,2628.62,3313.79,6539.99,14900.04,1850.06,2078.08,8663.89,1827.92,2026.02,3686.79,3183.08,4932.43,2067.59,6412.09,2009.6,4288.77,1073.04,4853.74,633.27,2392.4,3255.7,1802.38,3649.83,1092.85
2020-04-30,3813.87,2064.54,2583.61,1928.8,2680.43,3692.36,7040.56,16190.67,1753.21,2092.87,9134.6,1862.91,2105.5,3842.72,3200.37,6003.27,2121.1,6963.04,2019.45,4717.68,1152.28,5220.6,668.47,2436.77,3391.71,1877.51,3692.65,1146.74
2020-05-29,3646.69,2049.41,2611.53,1896.39,2790.86,3635.54,7472.98,17659.54,1745.18,2222.82,9593.55,1823.13,2110.12,3723.77,3432.25,6403.32,2134.04,6850.57,1944.26,4683.0,1157.28,5102.79,684.4,2294.13,3316.86,1791.83,3685.28,1159.8
2020-06-30,3869.82,2046.99,2780.36,1918.45,2921.17,4332.13,7652.68,19176.57,1805.5,2300.52,11212.87,1870.63,2140.03,3896.61,3743.61,8027.1,2282.01,6773.89,1928.2,5186.25,1191.47,5687.43,797.76,2473.18,3287.23,1890.19,3923.35,1231.69
2020-07-31,4497.91,2299.42,3287.16,2027.7,3514.02,4800.55,8482.06,22491.48,1909.57,2652.21,12964.33,2042.69,2317.63,4190.32,4151.2,11349.27,2555.97,8394.13,2135.9,6283.56,1522.65,6053.96,857.18,2554.3,3320.91,2189.53,4481.24,1386.37
2020-08-31,4723.52,2321.31,3421.79,2068.31,3477.72,4736.14,8536.71,25199.64,1952.73,2779.39,12605.46,2105.77,2440.69,4258.81,3937.29,10348.78,2612.19,8556.2,2213.02,6397.0,1628.61,6037.8,882.86,2532.61,3479.32,2227.86,4703.55,1454.22
2020-09-30,3906.89,2205.9,3215.8,1995.45,3142.05,4447.5,8380.47,22885.93,1843.01,2544.94,11541.14,1979.64,2298.3,4061.43,3615.59,10673.56,2331.6,7762.7,2050.27,6535.41,1550.18,5503.85,811.62,2272.87,3342.61,2164.6,4756.45,1393.93
2020-10-30,3727.04,2185.87,3304.31,2029.6,3201.79,4509.42,8989.39,23838.89,1882.96,2599.67,11810.92,1952.89,2251.31,3882.75,3547.79,9692.05,2375.82,7601.9,2036.88,6960.14,1485.04,5337.23,788.44,2213.5,3488.71,2115.95,5307.64,1416.59
2020-11-30,3841.56,2513.91,3556.83,2251.05,3858.53,4690.54,9776.2,24387.01,1885.31,2664.82,11027.79,2024.76,2419.47,4120.78,3506.91,9845.27,2358.13,7966.83,2084.64,7069.25,1604.63,5195.42,771.95,2264.39,3807.35,2309.34,5732.7,1484.89
2020-12-31,3913.1,2481.63,3649.16,2237.34,4094.32,4734.59,10197.01,28773.45,1783.63,2605.76,12077.43,2000.65,2387.33,3826.41,3233.83,12304.75,2397.44,7818.18,1923.6,8478.65,1779.43,5126.95,733.62,2113.6,3696.86,2271.31,5708.2,1536.78
2021-01-29,3925.6,2337.24,3891.83,2239.58,4254.59,4799.98,9881.23,29185.15,1649.87,2677.16,12141.88,1903.22,2364.7,3565.13,2976.01,12450.83,2302.19,7913.37,1846.24,8965.85,1597.85,4881.63,732.94,1959.3,3937.42,2112.21,5853.44,1557.96
2021-02-26,4251.73,2487.74,4058.78,2426.81,4538.78,4636.48,9730.02,27712.45,1711.41,2721.89,11946.81,1937.7,2404.72,3933.24,3069.46,13305.02,2306.72,8202.96,1954.91,8424.94,1572.76,4797.51,704.2,1985.93,4035.38,2125.11,5551.46,1580.56
2021-03-31,3930.18,2591.78,3795.36,2587.66,4075.37,4367.49,9408.8,26507.48,1805.97,2771.83,11586.91,2230.71,2401.24,3779.47,3097.86,13538.24,2401.91,8286.25,2069.8,8032.9,1436.74,4664.05,671.13,1872.18,4085.5,1987.47,5223.21,1540.6
2021-04-30,3934.5,2670.58,3933.82,2816.68,4442.7,4637.52,9338.27,28092.33,1827.38,2821.03,12858.54,2030.51,2336.86,3721.14,3061.29,13717.25,2503.75,8379.47,1962.37,8584.8,1378.09,4567.86,685.26,1804.67,3985.15,1917.89,5391.25,1519.32
2021-05-31,3748.7,2845.35,4206.42,2791.77,4816.81,4734.79,9208.79,30682.25,1894.13,2844.67,13238.64,2123.95,2407.68,3787.06,3264.96,14176.53,2569.74,8571.39,1966.48,9246.22,1558.14,4948.91,704.07,1929.41,4181.14,2050.09,5698.52,1556.0
2021-06-30,3609.43,2910.92,4432.35,2765.76,4605.5,5294.29,8607.78,28944.2,1931.14,2758.02,13203.85,2105.64,2432.63,3481.81,3101.0,12947.45,2823.23,7994.93,1977.15,10498.7,1574.72,5115.25,679.32,1989.92,3930.59,1937.09,6215.25,1592.16
2021-07-30,3094.99,2969.61,4659.64,3252.3,5867.48,5506.4,7816.95,23385.34,1751.45,2561.6,11884.84,2038.3,2147.21,3070.16,2915.78,10391.92,2713.16,7529.51,1964.63,11624.19,1627.38,4893.53,598.35,2080.72,3425.19,1732.17,6187.65,1625.51
2021-08-31,3080.7,3844.43,5240.33,3823.54,6923.62,5122.78,7813.68,22384.45,1801.76,2692.98,10859.69,2274.8,2303.58,3224.52,3055.45,10486.54,2999.41,8205.37,2145.51,12248.45,1894.23,4815.22,595.63,1958.46,3520.28,1806.3,6669.58,1773.21
2021-09-30,3371.1,3976.45,5039.58,3311.04,5669.68,4921.4,7734.73,25180.06,1736.29,2604.93,11397.99,2636.32,2356.04,3394.35,2999.21,11254.97,2635.01,7563.9,2107.8,11879.27,1699.69,4756.16,605.38,1931.85,3553.63,1824.54,6076.62,1656.66
2021-10-29,3461.92,3444.71,5021.18,2924.2,5634.4,5005.13,7682.11,25628.28,1715.91,2527.31,10931.26,2430.18,2315.48,3092.67,3034.49,11623.88,2672.24,7265.33,2054.18,13269.23,1768.74,4752.45,609.97,1922.81,3672.76,1783.94,6678.2,1634.21
2021-11-30,3472.41,3278.75,5003.66,2952.97,6132.59,5432.09,7690.51,26012.16,1814.93,2671.79,11331.86,2412.71,2308.12,3159.96,3050.0,9692.11,2599.28,7238.71,2076.5,13713.37,1998.4,5113.82,637.98,2139.8,3517.5,1776.08,7026.94,1756.9
2021-12-10,,3426.43,,,,,,,,,,,,,,,,,,,,,,,,,,
2021-12-31,3720.12,,5006.44,2999.35,5751.42,5493.91,8204.5,27044.37,1844.08,2909.27,11385.45,2628.49,2448.58,3371.59,3085.05,11041.35,2728.43,8166.83,2238.81,12536.87,1978.19,5197.11,730.14,2178.01,3527.37,1872.8,6689.82,1764.68
2022-01-28,3549.03,,4476.27,2778.63,5133.86,4758.41,7830.52,24180.63,1720.84,2628.77,9684.57,2292.95,2377.95,3328.14,2884.44,10255.01,2547.38,7542.25,2174.22,11180.55,1623.66,4755.18,624.99,1998.58,3609.43,1747.62,5912.87,1556.58
2022-02-28,3575.99,,4910.85,2998.42,6015.64,4816.32,7455.44,24000.44,1777.48,2651.89,10069.57,2473.92,2444.52,3302.2,2884.57,10413.67,2765.01,7494.8,2261.87,11464.9,1711.76,4880.79,616.3,2109.99,3645.78,1695.5,5945.63,1601.73
2022-03-30,3717.52,,4534.6,2694.19,5372.17,4182.23,6504.13,21695.0,1653.58,2448.44,10196.8,2256.6,2274.18,3573.19,2656.97,9729.0,2821.78,7114.9,2215.18,10594.81,1550.57,4311.0,595.62,1951.34,3536.81,1606.49,5350.63,1439.01
2022-04-29,3211.55,,3921.87,2475.78,4644.74,3525.66,6469.56,22461.22,1489.55,2121.98,8737.96,2106.78,2228.89,3314.41,2601.88,9029.6,2464.78,6719.1,2151.12,8706.36,1313.45,3580.24,510.79,1698.96,3455.55,1467.4,4778.03,1226.81
2022-05-31,3387.55,,4351.8,2571.63,5015.52,3841.41,6573.61,22898.33,1605.0,2281.96,8838.33,2298.44,2383.85,3118.44,2678.68,9394.66,2575.2,6862.11,2186.75,9788.71,1461.5,3658.49,542.2,1802.33,3336.68,1470.06,5650.46,1354.58
2022-06-30,3525.97,,4705.44,2625.42,5615.58,4150.05,7307.06,25886.41,1642.87,2474.66,9763.76,2312.43,2431.12,3293.43,2968.13,10439.64,2688.48,7551.9,2183.24,11863.42,1581.52,3968.68,567.65,1918.59,3442.09,1602.29,6472.76,1495.89
2022-07-29,3651.63,,4604.24,2610.32,5524.34,4000.99,7127.87,23378.12,1616.86,2335.28,9031.09,2406.0,2311.99,3087.5,2758.86,9478.67,2738.36,6792.0,2121.78,11818.36,1612.43,3928.56,542.91,1977.63,3121.72,1471.97,6802.32,1572.95
2022-08-31,3670.63,,4477.69,2440.83,5166.24,3954.84,6824.32,23548.72,1593.2,2353.53,8804.36,2395.02,2337.8,3053.69,2711.95,9386.78,2804.17,6329.82,2073.74,10886.63,1543.35,3700.83,549.13,1957.35,3088.68,1504.68,5996.25,1457.46
2022-09-30,3289.68,,4073.14,2220.52,4698.07,3420.42,6491.79,22825.24,1467.1,2163.98,8203.47,2207.47,2275.36,3022.3,2605.76,8859.55,2658.38,5740.64,1917.84,9726.37,1465.39,3392.26,473.2,1795.67,3034.49,1355.27,5366.04,1322.22
2022-10-31,3083.89,,3878.7,2159.72,4531.63,3536.0,5656.01,17771.98,1405.75,2052.3,8670.85,2131.73,2197.72,2577.31,2421.47,8928.5,2685.81,5181.75,1884.09,9608.91,1635.82,3936.29,460.78,1895.21,2738.01,1289.85,5285.21,1398.05
2022-11-30,3248.26,,4235.88,2396.22,4871.74,3650.41,6418.89,20723.16,1550.04,2305.93,9309.53,2305.43,2376.73,3293.73,2767.4,10139.93,2949.64,6244.46,2144.13,9738.09,1549.43,3937.12,527.53,1917.45,3124.74,1483.14,5710.0,1479.67
2022-12-30,3294.77,,4051.36,2285.98,4583.23,3486.7,6485.78,22956.3,1573.75,2326.17,9069.94,2198.51,2364.99,2995.12,2866.74,10794.71,3016.74,6032.67,1993.53,9348.25,1477.62,3873.45,539.82,1838.28,3158.22,1473.12,5342.91,1398.74
2023-01-31,3402.91,,4375.48,2452.33,5255.45,3818.53,7023.37,24140.62,1647.35,2442.74,9566.21,2245.69,2411.61,3106.31,2832.77,10762.46,3019.33,6573.03,2103.95,10453.33,1572.93,4369.17,567.14,2008.1,3263.33,1604.27,5924.99,1534.63
2023-02-28,3422.68,,4491.05,2563.84,5067.31,3804.57,7045.12,24394.06,1725.23,2605.86,9577.38,2271.14,2400.09,3043.71,2761.72,11053.26,3020.47,6576.73,2155.57,9824.03,1593.42,4617.62,590.74,2180.57,3139.45,1562.79,5885.11,1585.71
2023-03-31,3355.93,,4167.81,2373.08,4865.39,4027.21,6987.68,23968.48,1632.4,2414.13,9238.91,2232.36,2380.82,2812.03,2720.36,11015.65,2983.24,6148.43,2216.64,9314.6,1534.69,5298.33,724.68,2380.76,3072.81,1508.0,5552.97,1539.88
2023-04-28,3214.63,,3845.13,2309.7,4793.0,3725.07,7130.3,22540.28,1622.58,2294.89,9198.21,2281.87,2406.61,2740.1,2555.16,10421.33,2854.01,5840.45,2445.52,8931.96,1521.23,4927.84,819.35,2463.47,3201.38,1595.75,5228.43,1494.59
2023-05-31,2891.47,,3633.33,2200.24,4403.02,3809.26,6604.62,20759.79,1578.52,2213.15,8968.47,2379.51,2244.57,2552.13,2257.13,9996.07,2759.74,5344.24,2228.7,8667.72,1516.24,4929.19,782.19,2497.02,3133.09,1512.04,5195.32,1478.02
2023-06-30,2977.75,,3726.06,2188.14,4443.81,3870.12,7347.58,20873.29,1625.74,2283.68,8565.25,2347.02,2178.95,2567.03,2194.91,9955.16,2726.45,5397.98,2185.24,9021.42,1577.5,4941.44,770.62,2769.56,3068.63,1480.46,5657.44,1586.75
2023-07-31,3144.54,,3871.88,2376.62,4676.04,3838.26,7399.91,22802.55,1689.26,2411.57,8487.36,2297.14,2300.07,2930.4,2419.13,10246.31,2831.51,5946.56,2317.69,8800.39,1509.05,4733.33,712.26,2557.5,3238.99,1693.84,5982.01,1559.16
2023-08-31,2887.39,,3634.37,2217.21,4310.88,3647.27,7023.52,21468.31,1599.48,2285.67,8083.63,2193.83,2117.77,2727.31,2175.06,9499.04,2612.86,5563.02,2081.9,8067.49,1450.18,4557.13,704.3,2457.23,3030.18,1592.56,5549.32,1471.95
2023-09-28,2813.69,,3599.13,2234.91,4271.25,3598.55,7033.93,20987.51,1616.03,2265.97,8430.98,2175.94,2099.91,2577.66,2171.66,9146.82,2626.72,5456.05,2062.9,7607.06,1429.2,4362.9,650.56,2474.55,3114.79,1563.72,5575.28,1488.32
2023-10-31,2825.14,,3563.96,2218.2,4232.15,3757.84,6781.91,20453.6,1585.12,2213.22,8589.0,2157.69,2050.71,2390.17,2060.73,8403.72,2591.8,5085.88,1946.63,7196.38,1394.96,4197.15,611.62,2249.63,2993.33,1532.67,5709.83,1400.41
2023-11-30,2901.79,,3509.29,2177.97,4091.26,3785.94,6748.65,20556.82,1600.56,2223.89,8837.55,2165.74,2070.96,2354.78,2102.58,8876.4,2640.24,4859.79,1912.61,6883.39,1403.04,4305.95,648.32,2307.58,2921.54,1480.64,5866.41,1461.98
2023-12-29,2862.23,,3456.27,2099.0,4184.7,3739.53,6730.52,19526.97,1579.06,2157.48,8430.68,2172.91,1995.32,2204.67,1969.32,8418.43,2647.68,4666.64,1886.47,6900.21,1377.33,4220.78,630.49,2311.69,2908.9,1433.75,5518.47,1445.09
2024-01-31,2483.72,,2898.95,1953.73,3672.0,2845.33,6598.44,17542.95,1421.63,1855.78,6863.18,2152.07,1938.94,2027.04,1757.64,7182.64,2248.6,4263.33,1819.53,5774.01,1095.17,3222.55,532.97,1960.59,3088.49,1385.32,4668.98,1186.38
2024-02-29,2622.16,,3166.76,2085.1,4037.77,3313.24,7250.08,19058.0,1460.21,1952.68,7583.92,2228.12,2035.7,2073.17,1832.42,7642.62,2250.41,4449.19,1845.13,6364.01,1236.1,3795.43,611.98,2343.36,3223.97,1474.71,5305.74,1340.06
2024-03-29,2691.47,,3240.86,2087.95,4542.31,3348.59,7421.09,19355.95,1533.13,2028.86,7412.1,2307.51,2056.19,1994.8,1839.24,7801.9,2374.14,4375.1,1865.38,6600.94,1290.63,3777.26,621.18,2442.9,3217.12,1383.83,5550.51,1388.41
2024-04-30,2671.15,,3387.0,2128.02,4651.51,3336.74,8051.89,19506.75,1511.21,2009.63,7606.12,2337.48,2106.37,1909.74,1776.42,7622.54,2171.11,4419.34,1825.22,6549.8,1264.86,3649.96,588.7,2479.65,3373.57,1415.81,5692.34,1379.98
2024-05-31,2786.77,,3337.67,2080.74,4638.44,3295.17,7729.71,18790.11,1486.89,1962.49,7284.24,2411.0,2156.22,2026.98,1694.16,7316.14,2069.96,4432.76,1822.69,6512.23,1288.06,3395.09,542.92,2327.55,3473.38,1395.44,5490.73,1349.68
2024-06-28,2479.85,,3035.18,1877.16,4298.49,3400.38,7301.34,16576.06,1316.06,1730.19,6652.73,2428.52,2061.96,1753.96,1485.06,6393.77,1764.94,4027.9,1732.47,5826.76,1239.21,3170.7,495.99,2395.55,3404.03,1310.79,5337.35,1256.85
2024-07-31,2473.11,,2936.74,1892.54,4144.76,3438.74,7135.89,16121.65,1239.25,1662.07,6667.56,2408.09,2072.23,1793.73,1559.28,6491.56,1896.8,3958.4,1708.69,5856.07,1294.46,3161.17,489.25,2341.19,3354.69,1384.89,5350.42,1227.53
2024-08-30,2266.38,,2818.26,1760.88,3980.48,3257.2,6998.38,15727.09,1205.71,1605.84,6448.82,2295.5,1972.26,1713.17,1502.54,6306.49,1850.15,3676.04,1601.99,5636.39,1179.19,2941.32,481.19,2196.0,3296.08,1359.13,5046.06,1172.16
2024-09-30,2707.96,,3397.01,2145.9,4760.66,3879.86,8531.42,19603.06,1443.7,1973.5,7825.19,2500.2,2294.76,2333.64,1893.41,8019.72,2315.66,4517.88,1899.48,7164.63,1410.92,3968.77,610.38,2736.19,3720.81,1857.02,6179.61,1431.32
2024-10-31,2645.86,,3362.31,2134.59,4590.56,4448.24,8416.05,17752.08,1424.1,2009.92,7487.07,2396.16,2204.54,2404.97,1969.51,8308.38,2563.91,4730.73,2023.39,7475.8,1554.99,4542.76,641.85,2908.04,3627.45,1901.08,6269.41,1496.36
2024-11-29,2638.89,,3420.03,2143.51,4572.59,4410.74,8213.3,18180.27,1522.37,2137.05,7647.86,2342.72,2251.26,2391.95,2237.26,8423.14,2783.74,4614.26,2044.7,7566.53,1514.89,4742.35,684.54,2852.54,3664.47,1929.7,6312.9,1547.65
2024-12-31,2530.84,,3280.48,2102.31,4317.99,4432.25,8442.57,17958.34,1495.03,2027.82,7222.31,2395.27,2254.93,2157.29,2238.88,7988.45,2732.97,4390.94,1991.51,7112.74,1474.78,4407.29,644.57,2977.81,3909.35,1866.3,6420.22,1517.89
2025-01-27,2455.32,,3261.94,2077.3,4510.9,4420.46,8385.56,16729.84,1456.2,1974.44,6949.92,2271.28,2160.13,2025.21,2068.4,7773.9,2657.34,4335.12,1873.55,6851.81,1367.46,4311.96,640.75,2952.53,3923.12,1749.59,6473.85,1532.55
2025-02-28,2460.33,,3370.21,2224.75,4486.84,4787.64,8447.48,17422.31,1480.74,2027.45,7302.5,2250.0,2142.7,2133.95,2129.91,8066.28,2732.75,4359.65,1939.23,7290.91,1417.56,5015.04,679.83,3060.7,3884.47,1771.62,7068.05,1696.66
2025-03-31,2508.8,,3409.61,2220.82,4834.57,4578.33,8812.41,17747.5,1481.51,1993.35,7388.06,2292.14,2147.58,2031.53,2054.78,8333.68,2614.64,4473.7,1874.43,7063.23,1448.81,4742.95,671.01,2943.05,3988.9,1760.89,7152.42,1678.87
2025-04-30,2593.74,,3318.52,2130.74,4603.44,4358.85,8314.43,17707.51,1459.4,1951.82,7235.18,2325.57,2120.95,1998.59,2090.45,7997.15,2527.52,4312.12,1848.99,6481.81,1413.12,4510.79,656.08,2746.04,3970.09,1687.17,6871.66,1600.92
2025-05-30,2658.0,,3383.91,2124.17,4668.39,4234.59,8605.14,17685.35,1547.38,2045.9,7699.75,2379.4,2238.78,1989.86,2125.05,7928.75,2647.97,4370.54,1902.79,6622.59,1502.68,4480.16,670.54,2855.2,4210.35,1731.99,6970.5,1613.54
2025-06-30,2671.66,,3522.64,2123.09,5100.49,4609.9,8343.74,16642.76,1577.37,2119.96,7754.01,2366.45,2213.82,2008.35,2182.68,8256.39,2828.91,4336.66,1930.55,7065.29,1666.32,4798.64,726.87,3257.61,4421.54,1870.63,6992.03,1659.05
2025-07-31,2774.22,,3729.35,2478.93,5393.43,4913.73,8397.45,16677.44,1588.72,2139.76,8833.95,2348.18,2208.98,2093.78,2224.41,8680.16,3098.24,4916.22,2034.94,7311.64,1717.62,4983.8,749.96,3607.94,4335.15,1956.59,7021.49,1753.05
2025-08-29,3000.65,,4064.3,2498.05,6413.26,6131.74,8963.39,17786.45,1631.81,2276.76,9064.19,2407.56,2256.28,2229.34,2390.65,9118.58,3776.61,5248.01,2072.65,8435.46,1887.49,5755.35,830.23,4849.39,4264.77,2118.3,7839.33,1979.45
2025-09-30,2964.24,,4113.74,2493.2,7233.5,6803.98,9032.42,17049.15,1616.7,2264.44,8909.13,2417.33,2227.32,2411.09,2297.25,8684.16,3755.81,5210.65,2100.43,10221.22,1751.33,5642.86,874.61,4842.3,3970.79,1994.85,8244.77,2084.16
2025-10-31,2946.64,,4136.19,2621.93,7595.37,6563.99,9096.04,16967.17,1660.68,2293.55,8746.44,2525.46,2289.79,2353.92,2325.71,8707.51,3762.08,5278.74,2153.34,10321.86,1716.47,5514.4,821.82,4820.57,4143.81,2008.58,7949.25,2050.17
2025-11-28,2991.22,,4187.02,2605.6,7396.64,6232.95,9102.47,17110.46,1709.63,2346.69,8430.03,2481.1,2228.13,2287.77,2329.48,8814.97,3915.06,5172.4,2124.5,9962.15,1689.66,5224.25,835.69,4909.52,4267.63,1932.15,7545.76,1980.56
2025-12-31,2981.2,,4372.39,2660.39,8408.59,6554.19,9213.92,16217.81,1692.13,2434.85,8084.61,2420.02,2280.32,2197.09,2422.59,8764.42,3923.18,5362.85,2124.98,10088.23,1980.68,5211.26,819.69,5501.52,4183.0,2054.14,7976.9,2150.73
2026-01-30,2976.84,,4928.61,2848.46,10308.42,7242.89,9124.68,16234.4,1792.52,2558.39,8338.3,2497.12,2271.68,2291.65,2435.34,9283.84,4314.38,6076.69,2261.84,10496.42,2061.63,5573.0,966.75,5876.02,3904.92,2043.23,7997.5,2286.55
2026-02-27,2972.6,,5211.18,3133.97,10528.63,7394.47,9217.41,16255.31,1791.75,2629.05,8323.7,2610.38,2365.2,2289.83,2349.12,9368.14,5108.43,6571.81,2339.77,11052.87,2211.42,5659.84,918.86,5889.41,3883.47,1975.15,8212.25,2452.72
2026-03-19,2957.33,,4777.84,2724.1,8563.05,6836.38,8803.19,15956.27,1676.73,2490.84,7981.94,2717.58,2276.53,2122.59,2157.98,8743.49,4761.97,5834.73,2303.94,11092.67,1951.04,5260.89,820.33,5881.24,4026.87,1874.1,7618.2,2219.77
